cod1,cod2,cod3,AA
A,A,A,Lys
A,A,C,Asn
A,A,T,Asn
A,A,G,Lys
A,C,A,Thr
A,C,C,Thr
A,C,T,Thr
A,C,G,Thr
A,T,A,Ile
A,T,C,Ile
A,T,T,Ile
A,T,G,Met
A,G,A,Arg
A,G,C,Ser
A,G,T,Ser
A,G,G,Arg
C,A,A,Gln
C,A,C,His
C,A,T,His
C,A,G,Gln
C,C,A,Pro
C,C,C,Pro
C,C,T,Pro
C,C,G,Pro
C,T,A,Leu
C,T,C,Leu
C,T,T,Leu
C,T,G,Leu
C,G,A,Arg
C,G,C,Arg
C,G,T,Arg
C,G,G,Arg
G,A,A,Glu
G,A,C,Asp
G,A,T,Asp
G,A,G,Glu
G,C,A,Ala
G,C,C,Ala
G,C,T,Ala
G,C,G,Ala
G,T,A,Val
G,T,C,Val
G,T,T,Val
G,T,G,Val
G,G,A,Gly
G,G,C,Gly
G,G,T,Gly
G,G,G,Gly
T,A,A,Stop
T,A,C,Tyr
T,A,T,Tyr
T,A,G,Stop
T,C,A,Ser
T,C,C,Ser
T,C,T,Ser
T,C,G,Ser
T,T,A,Leu
T,T,C,Phe
T,T,T,Phe
T,T,G,Leu
T,G,A,Stop
T,G,C,Cys
T,G,T,Cys
T,G,G,Trp
